_id,tahun,bulan,mode,jarak,ongkir,belanja,total biaya,driver id,driver name,driver gender
1,2019,3,BIKE,"5,55",2500,0,2500,90,Rusman Situmorang,L
2,2019,3,FOOD,"7,08",9000,82000,91000,77,Lukman Ganep Januar M.Ak,L
3,2019,3,SHOP,"4,02",5000,58500,63500,75,Atma Dasa Uwais,L
4,2019,3,FOOD,"8,94",12000,72000,84000,82,Latif Marbun,L
5,2019,3,CAR,"7,93",14400,0,14400,109,Maimunah Pudjiastuti,P
6,2019,3,BIKE,"7,35",3500,0,3500,76,Paiman Wacana S.Kom,L
7,2019,3,BIKE,"8,24",4000,0,4000,85,Jarwadi Nababan,L
8,2019,3,CAR,"5,97",10800,0,10800,108,Ana Maimunah Pertiwi S.H.,P
9,2019,3,CAR,"10,89",21600,0,21600,108,Ana Maimunah Pertiwi S.H.,P
10,2019,3,BIKE,"4,1",1500,0,1500,86,Daliono Firgantoro,L
11,2019,3,BIKE,"14,47",7500,0,7500,85,Jarwadi Nababan,L
12,2019,3,SHOP,"9,65",13000,31000,44000,77,Lukman Ganep Januar M.Ak,L
13,2019,3,SHOP,"4,85",6000,36000,42000,84,Lukita Napitupulu,L
14,2019,3,BIKE,"11,3",5500,0,5500,86,Daliono Firgantoro,L
15,2019,3,CAR,"3,79",6000,0,6000,108,Ana Maimunah Pertiwi S.H.,P
16,2019,3,BIKE,"2,95",1000,0,1000,104,Faizah Shania Usamah S.T.,P
17,2019,3,CAR,"10,02",19200,0,19200,109,Maimunah Pudjiastuti,P
18,2019,3,BIKE,"2,44",1000,0,1000,81,Manah Sirait,L
19,2019,3,FOOD,"5,97",7000,71500,78500,101,Kartika Winarsih S.Ked,P
20,2019,3,CAR,"9,95",19200,0,19200,108,Ana Maimunah Pertiwi S.H.,P
21,2019,3,SHOP,"5,7",7000,69500,76500,85,Jarwadi Nababan,L
22,2019,3,BIKE,"7,08",3500,0,3500,83,Gaiman Hidayat S.Kom,L
23,2019,3,BIKE,"4,98",2000,0,2000,101,Kartika Winarsih S.Ked,P
24,2019,3,CAR,"4,58",7200,0,7200,109,Maimunah Pudjiastuti,P
25,2019,3,BIKE,"5,89",2500,0,2500,81,Manah Sirait,L
26,2019,3,FOOD,"5,22",6000,69000,75000,103,Eka Tira Haryanti,P
27,2019,3,CAR,"9,99",19200,0,19200,108,Ana Maimunah Pertiwi S.H.,P
28,2019,3,CAR,"3,65",6000,0,6000,97,Waluyo Setiawan,L
29,2019,3,FOOD,"7,74",10000,49000,59000,85,Jarwadi Nababan,L
30,2019,3,BIKE,"3,83",1500,0,1500,86,Daliono Firgantoro,L
31,2019,3,CAR,"7,16",13200,0,13200,97,Waluyo Setiawan,L
32,2019,3,CAR,"3,39",4800,0,4800,96,Bakda Gunawan,L
33,2019,3,CAR,"3,2",4800,0,4800,95,Cengkal Marpaung,L
34,2019,3,FOOD,"5,99",7000,28500,35500,76,Paiman Wacana S.Kom,L
35,2019,3,FOOD,"4,75",6000,80000,86000,83,Gaiman Hidayat S.Kom,L
36,2019,3,BIKE,"5,18",2500,0,2500,86,Daliono Firgantoro,L
37,2019,3,BIKE,"4,76",2000,0,2000,92,Danu Januar,L
38,2019,3,FOOD,"6,58",8000,54000,62000,90,Rusman Situmorang,L
39,2019,2,BIKE,"3,62",1500,0,1500,90,Rusman Situmorang,L
40,2019,2,BIKE,"6,01",3000,0,3000,76,Paiman Wacana S.Kom,L
41,2019,2,SHOP,"10,6",14000,52500,66500,102,Intan Nasyiah,P
42,2019,2,BIKE,"12,65",6500,0,6500,90,Rusman Situmorang,L
43,2019,2,FOOD,"10,84",15000,53500,68500,81,Manah Sirait,L
44,2019,2,FOOD,"6,27",8000,35000,43000,89,Dirja Mansur,L
45,2019,2,FOOD,"4,06",5000,63500,68500,106,Yunita Laras Pratiwi,P
46,2019,2,FOOD,"10,59",14000,32500,46500,102,Intan Nasyiah,P
47,2019,2,CAR,"8,51",16800,0,16800,96,Bakda Gunawan,L
48,2019,2,FOOD,"4,16",5000,94500,99500,79,Jabal Prasetya S.Psi,L
49,2019,2,BIKE,"7,39",3500,0,3500,87,Artanto Eman Wacana S.I.Kom,L
50,2019,2,BIKE,"8,23",4000,0,4000,102,Intan Nasyiah,P
51,2019,2,BIKE,"8,13",4000,0,4000,106,Yunita Laras Pratiwi,P
52,2019,2,BIKE,"7,28",3500,0,3500,105,Restu Yuniar S.Pt,P
53,2019,2,BIKE,"6,04",3000,0,3000,78,Maryadi Natsir,L
54,2019,2,BIKE,"11,75",6000,0,6000,78,Maryadi Natsir,L
55,2019,2,SHOP,"3,07",3000,98500,101500,82,Latif Marbun,L
56,2019,2,FOOD,"3,17",3000,64000,67000,76,Paiman Wacana S.Kom,L
57,2019,2,BIKE,"10,07",5000,0,5000,93,Mahesa Tarihoran S.Farm,L
58,2019,2,CAR,"3,52",6000,0,6000,109,Maimunah Pudjiastuti,P
59,2019,2,CAR,"10,09",19200,0,19200,99,Joko Situmorang,L
60,2019,2,FOOD,"6,25",8000,49000,57000,105,Restu Yuniar S.Pt,P
61,2019,2,BIKE,"6,18",3000,0,3000,90,Rusman Situmorang,L
62,2019,2,FOOD,"6,23",8000,86000,94000,75,Atma Dasa Uwais,L
63,2019,2,SHOP,"10,68",15000,42000,57000,91,Margana Pratama,L
64,2019,2,BIKE,"6,97",3500,0,3500,104,Faizah Shania Usamah S.T.,P
65,2019,2,FOOD,"4,67",6000,42000,48000,101,Kartika Winarsih S.Ked,P
66,2019,2,CAR,"5,38",9600,0,9600,107,Gasti Nadia Pratiwi S.Gz,P
67,2019,2,FOOD,"5,5",7000,47500,54500,76,Paiman Wacana S.Kom,L
68,2019,2,CAR,"12,63",25200,0,25200,98,Imam Abyasa Maheswara,L
69,2019,2,BIKE,"6,12",3000,0,3000,85,Jarwadi Nababan,L
70,2019,2,SHOP,"6,12",8000,60500,68500,101,Kartika Winarsih S.Ked,P
71,2019,2,BIKE,"2,95",1000,0,1000,80,Mursita Prasetya,L
72,2019,2,BIKE,"11,66",6000,0,6000,78,Maryadi Natsir,L
73,2019,2,BIKE,"5,9",2500,0,2500,92,Danu Januar,L
74,2019,2,SHOP,"12,24",17000,100000,117000,89,Dirja Mansur,L
75,2019,2,FOOD,"9,64",13000,32500,45500,77,Lukman Ganep Januar M.Ak,L
76,2019,2,BIKE,"10,45",5000,0,5000,93,Mahesa Tarihoran S.Farm,L
77,2019,2,SHOP,"8,46",11000,34500,45500,81,Manah Sirait,L
78,2019,2,CAR,"7,81",14400,0,14400,108,Ana Maimunah Pertiwi S.H.,P
79,2019,2,CAR,"14,26",28800,0,28800,97,Waluyo Setiawan,L
80,2019,2,FOOD,"2,76",3000,81500,84500,104,Faizah Shania Usamah S.T.,P
81,2019,2,FOOD,"8,48",11000,96000,107000,75,Atma Dasa Uwais,L
82,2019,2,CAR,"10,05",19200,0,19200,99,Joko Situmorang,L
83,2019,2,BIKE,"4,18",1500,0,1500,77,Lukman Ganep Januar M.Ak,L
84,2019,2,BIKE,"10,52",5000,0,5000,100,Halima Kani Purnawati,P
85,2019,2,BIKE,"9,51",4500,0,4500,80,Mursita Prasetya,L
86,2019,2,CAR,"5,59",9600,0,9600,96,Bakda Gunawan,L
87,2019,2,BIKE,"6,53",3000,0,3000,88,Jatmiko Waluyo S.Pd,L
88,2019,2,CAR,"5,85",10800,0,10800,98,Imam Abyasa Maheswara,L
89,2019,2,FOOD,"4,93",6000,56000,62000,105,Restu Yuniar S.Pt,P
90,2019,2,FOOD,"2,82",3000,47500,50500,79,Jabal Prasetya S.Psi,L
91,2019,2,SHOP,3,3000,76000,79000,83,Gaiman Hidayat S.Kom,L
92,2019,2,BIKE,"5,3",2500,0,2500,80,Mursita Prasetya,L
93,2019,2,FOOD,"5,95",7000,60500,67500,81,Manah Sirait,L
94,2019,2,CAR,"6,65",12000,0,12000,99,Joko Situmorang,L
95,2019,2,SHOP,"5,68",7000,31000,38000,80,Mursita Prasetya,L
96,2019,2,BIKE,"7,47",3500,0,3500,91,Margana Pratama,L
97,2019,2,FOOD,"7,88",10000,98500,108500,104,Faizah Shania Usamah S.T.,P
98,2019,2,BIKE,"6,69",3000,0,3000,100,Halima Kani Purnawati,P
99,2019,2,BIKE,"5,67",2500,0,2500,78,Maryadi Natsir,L
100,2019,2,BIKE,"5,89",2500,0,2500,75,Atma Dasa Uwais,L
101,2019,2,BIKE,"7,09",3500,0,3500,101,Kartika Winarsih S.Ked,P
102,2019,2,BIKE,"10,54",5000,0,5000,83,Gaiman Hidayat S.Kom,L
103,2019,2,SHOP,"4,99",6000,63000,69000,78,Maryadi Natsir,L
104,2019,2,FOOD,"4,21",5000,60000,65000,90,Rusman Situmorang,L
105,2019,2,BIKE,"7,13",3500,0,3500,94,Harjo Karya Suwarno,L
106,2019,2,FOOD,"11,01",15000,80500,95500,83,Gaiman Hidayat S.Kom,L
107,2019,2,BIKE,"7,21",3500,0,3500,90,Rusman Situmorang,L
108,2019,2,BIKE,"8,23",4000,0,4000,78,Maryadi Natsir,L
109,2019,2,BIKE,8,4000,0,4000,88,Jatmiko Waluyo S.Pd,L
110,2019,2,FOOD,"3,12",3000,62000,65000,83,Gaiman Hidayat S.Kom,L
111,2019,2,BIKE,"7,68",3500,0,3500,82,Latif Marbun,L
112,2019,2,BIKE,"12,21",6000,0,6000,94,Harjo Karya Suwarno,L
113,2019,2,BIKE,"9,55",4500,0,4500,93,Mahesa Tarihoran S.Farm,L
114,2019,2,FOOD,"4,89",6000,84500,90500,76,Paiman Wacana S.Kom,L
115,2019,2,BIKE,"5,23",2500,0,2500,94,Harjo Karya Suwarno,L
116,2019,2,CAR,"12,65",25200,0,25200,99,Joko Situmorang,L
117,2019,2,BIKE,"13,76",7000,0,7000,101,Kartika Winarsih S.Ked,P
118,2019,2,BIKE,"8,35",4000,0,4000,80,Mursita Prasetya,L
119,2019,2,BIKE,"4,55",2000,0,2000,92,Danu Januar,L
120,2019,2,SHOP,"5,77",7000,46500,53500,82,Latif Marbun,L
121,2019,2,FOOD,"4,77",6000,30500,36500,94,Harjo Karya Suwarno,L
122,2019,2,CAR,"3,95",6000,0,6000,97,Waluyo Setiawan,L
123,2019,2,BIKE,"4,63",2000,0,2000,101,Kartika Winarsih S.Ked,P
124,2019,2,BIKE,"11,64",6000,0,6000,79,Jabal Prasetya S.Psi,L
125,2019,2,CAR,"6,66",12000,0,12000,109,Maimunah Pudjiastuti,P
126,2019,2,BIKE,"7,46",3500,0,3500,104,Faizah Shania Usamah S.T.,P
127,2019,2,SHOP,"8,18",11000,78500,89500,79,Jabal Prasetya S.Psi,L
128,2019,2,FOOD,"7,43",10000,72500,82500,87,Artanto Eman Wacana S.I.Kom,L
129,2019,2,BIKE,"15,21",8000,0,8000,80,Mursita Prasetya,L
130,2019,2,SHOP,"6,93",9000,41000,50000,91,Margana Pratama,L
131,2019,2,FOOD,"4,18",5000,26500,31500,83,Gaiman Hidayat S.Kom,L
132,2019,2,SHOP,4,5000,91000,96000,90,Rusman Situmorang,L
133,2019,2,BIKE,"11,96",6000,0,6000,78,Maryadi Natsir,L
134,2019,2,SHOP,"4,32",5000,34000,39000,103,Eka Tira Haryanti,P
135,2019,2,CAR,"10,5",20400,0,20400,98,Imam Abyasa Maheswara,L
136,2019,2,CAR,"6,14",10800,0,10800,109,Maimunah Pudjiastuti,P
137,2019,2,CAR,4,6000,0,6000,109,Maimunah Pudjiastuti,P
138,2019,2,CAR,"4,6",7200,0,7200,109,Maimunah Pudjiastuti,P
139,2019,1,BIKE,"6,82",3000,0,3000,93,Mahesa Tarihoran S.Farm,L
140,2019,1,FOOD,"3,57",4000,81500,85500,86,Daliono Firgantoro,L
141,2019,1,CAR,"7,59",14400,0,14400,97,Waluyo Setiawan,L
142,2019,1,FOOD,"7,33",9000,68000,77000,85,Jarwadi Nababan,L
143,2019,1,FOOD,"5,25",6000,91500,97500,83,Gaiman Hidayat S.Kom,L
144,2019,1,CAR,"5,38",9600,0,9600,99,Joko Situmorang,L
145,2019,1,BIKE,"10,61",5500,0,5500,91,Margana Pratama,L
146,2019,1,FOOD,"5,94",7000,78000,85000,101,Kartika Winarsih S.Ked,P
147,2019,1,FOOD,"6,15",8000,31500,39500,91,Margana Pratama,L
148,2019,1,FOOD,"5,12",6000,92500,98500,94,Harjo Karya Suwarno,L
149,2019,1,FOOD,"4,41",5000,73500,78500,85,Jarwadi Nababan,L
150,2019,1,BIKE,"13,15",6500,0,6500,77,Lukman Ganep Januar M.Ak,L
151,2019,1,BIKE,"13,65",7000,0,7000,77,Lukman Ganep Januar M.Ak,L
152,2019,1,BIKE,"10,3",5000,0,5000,93,Mahesa Tarihoran S.Farm,L
153,2019,1,FOOD,"3,44",4000,66500,70500,103,Eka Tira Haryanti,P
154,2019,1,CAR,"4,77",8400,0,8400,107,Gasti Nadia Pratiwi S.Gz,P
155,2019,1,BIKE,"8,5",4000,0,4000,106,Yunita Laras Pratiwi,P
156,2019,1,BIKE,"8,67",4000,0,4000,102,Intan Nasyiah,P
157,2019,1,BIKE,"7,02",3500,0,3500,100,Halima Kani Purnawati,P
158,2019,1,SHOP,"5,58",7000,55500,62500,81,Manah Sirait,L
159,2019,1,FOOD,"4,48",5000,43500,48500,75,Atma Dasa Uwais,L
160,2019,1,BIKE,"7,95",4000,0,4000,91,Margana Pratama,L
161,2019,1,FOOD,"4,97",6000,99000,105000,84,Lukita Napitupulu,L
162,2019,1,CAR,"7,18",13200,0,13200,99,Joko Situmorang,L
163,2019,1,BIKE,"16,58",8500,0,8500,86,Daliono Firgantoro,L
164,2019,1,BIKE,"7,96",4000,0,4000,104,Faizah Shania Usamah S.T.,P
165,2019,1,FOOD,"6,2",8000,36000,44000,93,Mahesa Tarihoran S.Farm,L
166,2019,1,CAR,"7,78",14400,0,14400,108,Ana Maimunah Pertiwi S.H.,P
167,2019,1,BIKE,"6,12",3000,0,3000,105,Restu Yuniar S.Pt,P
168,2019,1,CAR,"9,15",18000,0,18000,97,Waluyo Setiawan,L
169,2019,1,FOOD,"6,09",8000,59000,67000,104,Faizah Shania Usamah S.T.,P
170,2019,1,BIKE,"7,76",3500,0,3500,88,Jatmiko Waluyo S.Pd,L
171,2019,1,BIKE,"12,19",6000,0,6000,80,Mursita Prasetya,L
172,2019,1,CAR,"6,62",12000,0,12000,109,Maimunah Pudjiastuti,P
173,2019,1,CAR,"4,05",6000,0,6000,109,Maimunah Pudjiastuti,P
174,2019,1,BIKE,"7,26",3500,0,3500,90,Rusman Situmorang,L
175,2019,1,CAR,"12,89",25200,0,25200,97,Waluyo Setiawan,L
176,2019,1,SHOP,"3,6",4000,58500,62500,89,Dirja Mansur,L
177,2019,1,CAR,"9,52",18000,0,18000,99,Joko Situmorang,L
178,2019,1,FOOD,"8,57",11000,51000,62000,88,Jatmiko Waluyo S.Pd,L
179,2019,1,FOOD,"6,76",9000,87000,96000,94,Harjo Karya Suwarno,L
180,2019,1,CAR,"11,32",22800,0,22800,108,Ana Maimunah Pertiwi S.H.,P
181,2019,1,BIKE,7,3500,0,3500,104,Faizah Shania Usamah S.T.,P
182,2019,1,SHOP,"5,28",6000,25500,31500,91,Margana Pratama,L
183,2019,1,BIKE,"7,16",3500,0,3500,78,Maryadi Natsir,L
184,2019,1,FOOD,"2,98",3000,86500,89500,80,Mursita Prasetya,L
185,2019,1,CAR,"13,5",27600,0,27600,97,Waluyo Setiawan,L
186,2019,1,CAR,"5,55",9600,0,9600,108,Ana Maimunah Pertiwi S.H.,P
187,2019,1,BIKE,"10,25",5000,0,5000,92,Danu Januar,L
188,2019,1,CAR,"5,09",8400,0,8400,96,Bakda Gunawan,L
189,2019,1,SHOP,"5,72",7000,39000,46000,89,Dirja Mansur,L
190,2019,1,FOOD,"4,21",5000,62500,67500,88,Jatmiko Waluyo S.Pd,L
191,2019,1,SHOP,"5,73",7000,85500,92500,92,Danu Januar,L
192,2019,1,BIKE,"12,1",6000,0,6000,94,Harjo Karya Suwarno,L
193,2019,1,SHOP,"10,92",15000,70500,85500,89,Dirja Mansur,L
194,2019,1,CAR,"6,74",12000,0,12000,97,Waluyo Setiawan,L
195,2019,1,CAR,"5,84",10800,0,10800,99,Joko Situmorang,L
196,2019,1,FOOD,"6,96",9000,73000,82000,88,Jatmiko Waluyo S.Pd,L
197,2019,1,CAR,"4,35",7200,0,7200,99,Joko Situmorang,L
198,2019,1,BIKE,"9,87",5000,0,5000,89,Dirja Mansur,L
199,2019,1,CAR,"12,64",25200,0,25200,99,Joko Situmorang,L
200,2019,1,SHOP,"6,21",8000,66500,74500,77,Lukman Ganep Januar M.Ak,L
201,2019,1,BIKE,"3,13",1000,0,1000,106,Yunita Laras Pratiwi,P
202,2019,1,CAR,"8,27",15600,0,15600,97,Waluyo Setiawan,L
203,2019,1,BIKE,"10,29",5000,0,5000,93,Mahesa Tarihoran S.Farm,L
204,2019,1,SHOP,"6,16",8000,69000,77000,87,Artanto Eman Wacana S.I.Kom,L
205,2019,1,BIKE,"7,87",4000,0,4000,102,Intan Nasyiah,P
206,2019,1,CAR,"3,04",4800,0,4800,97,Waluyo Setiawan,L
207,2019,1,FOOD,"8,97",12000,89500,101500,87,Artanto Eman Wacana S.I.Kom,L
208,2019,1,FOOD,"6,19",8000,46500,54500,101,Kartika Winarsih S.Ked,P
209,2019,1,CAR,"10,21",20400,0,20400,97,Waluyo Setiawan,L
210,2019,1,SHOP,"7,5",10000,58000,68000,76,Paiman Wacana S.Kom,L
211,2019,1,CAR,"4,88",8400,0,8400,95,Cengkal Marpaung,L
212,2019,1,CAR,"13,8",27600,0,27600,109,Maimunah Pudjiastuti,P
213,2019,1,FOOD,"5,96",7000,99000,106000,100,Halima Kani Purnawati,P
214,2019,1,CAR,"3,15",4800,0,4800,96,Bakda Gunawan,L
215,2019,1,FOOD,"6,12",8000,75500,83500,104,Faizah Shania Usamah S.T.,P
216,2019,1,SHOP,"3,55",4000,99000,103000,106,Yunita Laras Pratiwi,P
217,2019,1,BIKE,"8,13",4000,0,4000,103,Eka Tira Haryanti,P
218,2019,1,CAR,"7,13",13200,0,13200,99,Joko Situmorang,L
219,2019,1,BIKE,"9,59",4500,0,4500,106,Yunita Laras Pratiwi,P
220,2019,1,CAR,"10,46",20400,0,20400,108,Ana Maimunah Pertiwi S.H.,P
221,2019,1,FOOD,"12,94",18000,44000,62000,77,Lukman Ganep Januar M.Ak,L
222,2019,1,CAR,"11,73",22800,0,22800,95,Cengkal Marpaung,L
223,2019,1,FOOD,"3,92",4000,90500,94500,104,Faizah Shania Usamah S.T.,P
224,2019,1,SHOP,"4,59",5000,77000,82000,101,Kartika Winarsih S.Ked,P
225,2019,1,FOOD,"9,61",13000,93500,106500,79,Jabal Prasetya S.Psi,L
226,2019,1,BIKE,"5,43",2500,0,2500,87,Artanto Eman Wacana S.I.Kom,L
227,2019,1,FOOD,"7,19",9000,32500,41500,92,Danu Januar,L
228,2019,1,BIKE,"5,86",2500,0,2500,75,Atma Dasa Uwais,L
229,2019,1,BIKE,"5,79",2500,0,2500,92,Danu Januar,L
230,2019,1,SHOP,"4,43",5000,56500,61500,100,Halima Kani Purnawati,P
231,2019,1,BIKE,"3,33",1500,0,1500,87,Artanto Eman Wacana S.I.Kom,L
232,2019,1,BIKE,"9,18",4500,0,4500,81,Manah Sirait,L
233,2019,1,BIKE,"4,41",2000,0,2000,83,Gaiman Hidayat S.Kom,L
234,2019,1,SHOP,"4,81",6000,29500,35500,105,Restu Yuniar S.Pt,P
235,2019,1,BIKE,"6,65",3000,0,3000,82,Latif Marbun,L
236,2019,1,CAR,"9,96",19200,0,19200,108,Ana Maimunah Pertiwi S.H.,P
237,2019,1,BIKE,"6,42",3000,0,3000,92,Danu Januar,L
238,2019,1,FOOD,"5,41",7000,40000,47000,88,Jatmiko Waluyo S.Pd,L
239,2019,1,BIKE,"8,94",4500,0,4500,79,Jabal Prasetya S.Psi,L
240,2019,1,BIKE,"6,06",3000,0,3000,93,Mahesa Tarihoran S.Farm,L
241,2019,1,FOOD,"7,94",10000,99500,109500,82,Latif Marbun,L
242,2019,1,CAR,"5,43",9600,0,9600,98,Imam Abyasa Maheswara,L
243,2019,1,CAR,"3,74",6000,0,6000,97,Waluyo Setiawan,L
244,2019,1,SHOP,"5,73",7000,49000,56000,93,Mahesa Tarihoran S.Farm,L
245,2019,1,FOOD,"6,49",8000,84500,92500,80,Mursita Prasetya,L
246,2019,1,CAR,"5,55",9600,0,9600,109,Maimunah Pudjiastuti,P
247,2019,1,BIKE,"10,28",5000,0,5000,105,Restu Yuniar S.Pt,P
248,2019,1,BIKE,"2,79",1000,0,1000,91,Margana Pratama,L
249,2019,1,BIKE,"6,33",3000,0,3000,105,Restu Yuniar S.Pt,P
250,2019,1,BIKE,"7,65",3500,0,3500,84,Lukita Napitupulu,L
251,2019,1,BIKE,"10,1",5000,0,5000,86,Daliono Firgantoro,L
252,2019,1,CAR,"13,64",27600,0,27600,99,Joko Situmorang,L
253,2019,1,BIKE,"9,14",4500,0,4500,102,Intan Nasyiah,P
254,2019,1,SHOP,"5,74",7000,61500,68500,100,Halima Kani Purnawati,P
255,2019,1,FOOD,"11,77",16000,49500,65500,100,Halima Kani Purnawati,P
256,2019,1,CAR,"2,6",3600,0,3600,107,Gasti Nadia Pratiwi S.Gz,P
257,2019,1,CAR,8,15600,0,15600,96,Bakda Gunawan,L
258,2019,1,FOOD,"4,88",6000,32500,38500,78,Maryadi Natsir,L
259,2019,1,FOOD,"760,4",1000,75000,76000,75,Atma Dasa Uwais,L
260,2019,1,CAR,"4,43",7200,0,7200,107,Gasti Nadia Pratiwi S.Gz,P
261,2019,1,BIKE,"5,19",2500,0,2500,81,Manah Sirait,L
262,2019,1,BIKE,"12,98",6500,0,6500,101,Kartika Winarsih S.Ked,P
263,2019,1,CAR,"6,83",12000,0,12000,98,Imam Abyasa Maheswara,L
264,2019,1,SHOP,"4,44",5000,54000,59000,85,Jarwadi Nababan,L
265,2019,1,SHOP,"5,57",7000,59000,66000,94,Harjo Karya Suwarno,L
266,2019,1,BIKE,"10,57",5500,0,5500,90,Rusman Situmorang,L
267,2018,12,BIKE,"6,22",3000,0,3000,83,Gaiman Hidayat S.Kom,L
268,2018,12,SHOP,"9,93",13000,95500,108500,76,Paiman Wacana S.Kom,L
269,2018,12,FOOD,"5,25",6000,31000,37000,83,Gaiman Hidayat S.Kom,L
270,2018,12,CAR,"11,46",22800,0,22800,108,Ana Maimunah Pertiwi S.H.,P
271,2018,12,BIKE,"8,15",4000,0,4000,76,Paiman Wacana S.Kom,L
272,2018,12,BIKE,"8,4",4000,0,4000,83,Gaiman Hidayat S.Kom,L
273,2018,12,CAR,"5,5",9600,0,9600,109,Maimunah Pudjiastuti,P
274,2018,12,CAR,"9,87",19200,0,19200,107,Gasti Nadia Pratiwi S.Gz,P
275,2018,12,BIKE,"4,99",2000,0,2000,91,Margana Pratama,L
276,2018,12,BIKE,"7,63",3500,0,3500,85,Jarwadi Nababan,L
277,2018,12,FOOD,"2,17",2000,75500,77500,83,Gaiman Hidayat S.Kom,L
278,2018,12,FOOD,"8,82",12000,27000,39000,83,Gaiman Hidayat S.Kom,L
279,2018,12,CAR,"11,82",22800,0,22800,107,Gasti Nadia Pratiwi S.Gz,P
280,2018,12,SHOP,"4,08",5000,43500,48500,81,Manah Sirait,L
281,2018,12,FOOD,"8,42",11000,54000,65000,103,Eka Tira Haryanti,P
282,2018,12,FOOD,8,11000,93000,104000,102,Intan Nasyiah,P
283,2018,12,CAR,"10,25",20400,0,20400,98,Imam Abyasa Maheswara,L
284,2018,12,FOOD,"6,35",8000,48500,56500,87,Artanto Eman Wacana S.I.Kom,L
285,2018,12,CAR,"12,94",25200,0,25200,95,Cengkal Marpaung,L
286,2018,12,SHOP,"8,9",12000,56500,68500,85,Jarwadi Nababan,L
287,2018,12,SHOP,"5,7",7000,87000,94000,78,Maryadi Natsir,L
288,2018,12,CAR,"8,52",16800,0,16800,108,Ana Maimunah Pertiwi S.H.,P
289,2018,12,BIKE,"6,84",3000,0,3000,100,Halima Kani Purnawati,P
290,2018,12,FOOD,"6,11",8000,33500,41500,79,Jabal Prasetya S.Psi,L
291,2018,12,BIKE,"4,82",2000,0,2000,87,Artanto Eman Wacana S.I.Kom,L
292,2018,12,FOOD,"8,35",11000,45500,56500,81,Manah Sirait,L
293,2018,12,SHOP,"6,44",8000,42500,50500,78,Maryadi Natsir,L
294,2018,12,FOOD,"5,32",6000,40000,46000,104,Faizah Shania Usamah S.T.,P
295,2018,12,CAR,"3,23",4800,0,4800,98,Imam Abyasa Maheswara,L
296,2018,12,FOOD,"7,09",9000,78000,87000,104,Faizah Shania Usamah S.T.,P
297,2018,12,SHOP,"6,05",8000,56000,64000,87,Artanto Eman Wacana S.I.Kom,L
298,2018,12,FOOD,"11,07",15000,25500,40500,75,Atma Dasa Uwais,L
299,2018,12,SHOP,"5,39",7000,53500,60500,80,Mursita Prasetya,L
300,2018,12,FOOD,"7,66",10000,86500,96500,88,Jatmiko Waluyo S.Pd,L
301,2018,12,CAR,"4,75",8400,0,8400,97,Waluyo Setiawan,L
302,2018,12,FOOD,"10,37",14000,44500,58500,93,Mahesa Tarihoran S.Farm,L
303,2018,12,FOOD,"5,3",6000,86000,92000,102,Intan Nasyiah,P
304,2018,12,CAR,"3,96",6000,0,6000,108,Ana Maimunah Pertiwi S.H.,P
305,2018,12,FOOD,"7,93",10000,47000,57000,94,Harjo Karya Suwarno,L
306,2018,12,CAR,"12,45",25200,0,25200,108,Ana Maimunah Pertiwi S.H.,P
307,2018,12,SHOP,"9,61",13000,97000,110000,85,Jarwadi Nababan,L
308,2018,12,FOOD,"5,79",7000,35500,42500,83,Gaiman Hidayat S.Kom,L
309,2018,12,FOOD,"5,05",6000,33000,39000,94,Harjo Karya Suwarno,L
310,2018,12,CAR,"5,74",10800,0,10800,97,Waluyo Setiawan,L
311,2018,12,FOOD,"13,61",19000,82000,101000,89,Dirja Mansur,L
312,2018,12,SHOP,"8,28",11000,55500,66500,105,Restu Yuniar S.Pt,P
313,2018,12,CAR,"5,54",9600,0,9600,98,Imam Abyasa Maheswara,L
314,2018,12,SHOP,"7,79",10000,91500,101500,86,Daliono Firgantoro,L
315,2018,12,SHOP,"5,29",6000,69500,75500,94,Harjo Karya Suwarno,L
316,2018,12,SHOP,"3,66",4000,100000,104000,91,Margana Pratama,L
317,2018,12,SHOP,"6,77",9000,63500,72500,78,Maryadi Natsir,L
318,2018,12,FOOD,"11,33",15000,99000,114000,86,Daliono Firgantoro,L
319,2018,12,CAR,"8,09",15600,0,15600,96,Bakda Gunawan,L
320,2018,12,SHOP,"3,38",4000,96000,100000,101,Kartika Winarsih S.Ked,P
321,2018,12,CAR,"4,32",7200,0,7200,99,Joko Situmorang,L
322,2018,12,CAR,"10,73",21600,0,21600,99,Joko Situmorang,L
323,2018,12,CAR,"9,4",18000,0,18000,96,Bakda Gunawan,L
324,2018,12,FOOD,"6,41",8000,35000,43000,104,Faizah Shania Usamah S.T.,P
325,2018,12,CAR,"4,2",7200,0,7200,109,Maimunah Pudjiastuti,P
326,2018,12,SHOP,"3,5",4000,41000,45000,93,Mahesa Tarihoran S.Farm,L
327,2018,12,SHOP,"11,65",16000,87500,103500,77,Lukman Ganep Januar M.Ak,L
328,2018,12,CAR,"4,79",8400,0,8400,96,Bakda Gunawan,L
329,2018,12,BIKE,"8,04",4000,0,4000,85,Jarwadi Nababan,L
330,2018,12,CAR,"9,89",19200,0,19200,108,Ana Maimunah Pertiwi S.H.,P
331,2018,12,SHOP,"4,44",5000,71000,76000,88,Jatmiko Waluyo S.Pd,L
332,2018,12,FOOD,"10,99",15000,68500,83500,76,Paiman Wacana S.Kom,L
333,2018,12,CAR,"9,78",19200,0,19200,95,Cengkal Marpaung,L
334,2018,12,FOOD,"8,77",12000,94500,106500,89,Dirja Mansur,L
335,2018,12,CAR,"9,52",18000,0,18000,96,Bakda Gunawan,L
336,2018,12,SHOP,"11,06",15000,89500,104500,81,Manah Sirait,L
337,2018,12,CAR,"7,46",14400,0,14400,96,Bakda Gunawan,L
338,2018,12,SHOP,"9,89",13000,53500,66500,93,Mahesa Tarihoran S.Farm,L
339,2018,12,SHOP,"4,24",5000,75000,80000,80,Mursita Prasetya,L
340,2018,12,CAR,"11,17",21600,0,21600,108,Ana Maimunah Pertiwi S.H.,P
341,2018,12,FOOD,"5,71",7000,30500,37500,78,Maryadi Natsir,L
342,2018,12,FOOD,"4,31",5000,47000,52000,78,Maryadi Natsir,L
343,2018,12,SHOP,"4,07",5000,80500,85500,88,Jatmiko Waluyo S.Pd,L
344,2018,12,SHOP,"7,57",10000,47000,57000,102,Intan Nasyiah,P
345,2018,12,SHOP,"7,99",10000,68500,78500,105,Restu Yuniar S.Pt,P
346,2018,12,SHOP,"3,77",4000,60500,64500,81,Manah Sirait,L
347,2018,12,SHOP,"6,63",8000,44000,52000,86,Daliono Firgantoro,L
348,2018,12,FOOD,"8,74",12000,66000,78000,84,Lukita Napitupulu,L
349,2018,12,BIKE,"7,63",3500,0,3500,79,Jabal Prasetya S.Psi,L
350,2018,12,CAR,"7,97",15600,0,15600,95,Cengkal Marpaung,L
351,2018,12,CAR,"8,33",15600,0,15600,109,Maimunah Pudjiastuti,P
352,2018,12,CAR,"7,3",13200,0,13200,99,Joko Situmorang,L
353,2018,12,FOOD,"7,96",10000,82500,92500,104,Faizah Shania Usamah S.T.,P
354,2018,12,FOOD,"4,42",5000,60000,65000,91,Margana Pratama,L
355,2018,12,SHOP,"4,61",5000,71000,76000,76,Paiman Wacana S.Kom,L
356,2018,12,SHOP,"9,4",13000,68500,81500,84,Lukita Napitupulu,L
357,2018,12,FOOD,"5,22",6000,51500,57500,87,Artanto Eman Wacana S.I.Kom,L
358,2018,12,SHOP,11,15000,46500,61500,89,Dirja Mansur,L
359,2018,12,SHOP,"8,03",11000,82000,93000,104,Faizah Shania Usamah S.T.,P
360,2018,12,BIKE,"8,63",4000,0,4000,100,Halima Kani Purnawati,P
361,2018,12,FOOD,"6,6",8000,76500,84500,79,Jabal Prasetya S.Psi,L
362,2018,12,CAR,"3,76",6000,0,6000,96,Bakda Gunawan,L
363,2018,12,FOOD,"7,43",10000,49000,59000,80,Mursita Prasetya,L
364,2018,12,SHOP,"5,98",7000,32000,39000,75,Atma Dasa Uwais,L
365,2018,12,CAR,"15,9",32400,0,32400,98,Imam Abyasa Maheswara,L
366,2018,12,FOOD,"10,65",14000,32000,46000,91,Margana Pratama,L
367,2018,12,CAR,"9,68",19200,0,19200,95,Cengkal Marpaung,L
368,2018,12,SHOP,"7,07",9000,59000,68000,81,Manah Sirait,L
369,2018,12,BIKE,"6,73",3000,0,3000,92,Danu Januar,L
370,2018,12,CAR,"13,26",26400,0,26400,99,Joko Situmorang,L
371,2018,12,SHOP,"12,98",18000,70000,88000,92,Danu Januar,L
372,2018,12,FOOD,"3,01",3000,62000,65000,91,Margana Pratama,L
373,2018,12,CAR,"5,74",10800,0,10800,96,Bakda Gunawan,L
374,2018,12,FOOD,"7,48",10000,60500,70500,89,Dirja Mansur,L
375,2018,12,CAR,"8,87",16800,0,16800,99,Joko Situmorang,L
376,2018,12,FOOD,"7,02",9000,86000,95000,78,Maryadi Natsir,L
377,2018,12,CAR,"6,46",12000,0,12000,98,Imam Abyasa Maheswara,L
378,2018,12,CAR,"10,09",19200,0,19200,96,Bakda Gunawan,L
379,2018,12,FOOD,"6,64",8000,41500,49500,76,Paiman Wacana S.Kom,L
380,2018,12,CAR,"6,82",12000,0,12000,108,Ana Maimunah Pertiwi S.H.,P
381,2018,12,CAR,"12,77",25200,0,25200,96,Bakda Gunawan,L
382,2018,12,CAR,"6,95",13200,0,13200,95,Cengkal Marpaung,L
383,2018,12,FOOD,"8,06",11000,40500,51500,100,Halima Kani Purnawati,P
384,2018,12,SHOP,"6,24",8000,66000,74000,79,Jabal Prasetya S.Psi,L
385,2018,12,FOOD,"5,52",7000,43500,50500,94,Harjo Karya Suwarno,L
386,2018,12,SHOP,"5,06",6000,82000,88000,94,Harjo Karya Suwarno,L
387,2018,12,SHOP,"9,31",12000,40500,52500,102,Intan Nasyiah,P
388,2018,12,CAR,"8,32",15600,0,15600,96,Bakda Gunawan,L
389,2019,1,FOOD,"754,92",1000,88000,89000,103,Eka Tira Haryanti,P
390,2018,12,CAR,"7,06",13200,0,13200,95,Cengkal Marpaung,L
391,2019,1,FOOD,"757,95",1000,84500,85500,76,Paiman Wacana S.Kom,L
392,2018,12,SHOP,"7,44",10000,26000,36000,100,Halima Kani Purnawati,P
393,2018,12,SHOP,"8,19",11000,40500,51500,102,Intan Nasyiah,P
394,2018,12,CAR,"8,11",15600,0,15600,109,Maimunah Pudjiastuti,P
395,2018,12,CAR,"8,81",16800,0,16800,107,Gasti Nadia Pratiwi S.Gz,P
396,2018,12,SHOP,"4,92",6000,42500,48500,85,Jarwadi Nababan,L
397,2018,12,FOOD,"9,16",12000,57000,69000,75,Atma Dasa Uwais,L
398,2018,12,CAR,"6,09",10800,0,10800,109,Maimunah Pudjiastuti,P
399,2018,12,SHOP,"9,67",13000,95000,108000,100,Halima Kani Purnawati,P
400,2018,12,CAR,"7,37",13200,0,13200,97,Waluyo Setiawan,L
401,2018,12,FOOD,"9,47",13000,29000,42000,81,Manah Sirait,L
402,2018,12,BIKE,"4,87",2000,0,2000,105,Restu Yuniar S.Pt,P
403,2018,12,SHOP,"6,76",9000,86500,95500,90,Rusman Situmorang,L
404,2018,12,FOOD,"6,8",9000,37000,46000,106,Yunita Laras Pratiwi,P
405,2018,12,SHOP,"4,32",5000,36500,41500,91,Margana Pratama,L
406,2018,12,SHOP,"8,06",11000,84000,95000,105,Restu Yuniar S.Pt,P
407,2018,12,CAR,"10,01",19200,0,19200,99,Joko Situmorang,L
408,2018,12,SHOP,"5,67",7000,67000,74000,101,Kartika Winarsih S.Ked,P
409,2018,12,CAR,"10,59",20400,0,20400,95,Cengkal Marpaung,L
410,2018,12,FOOD,"5,9",7000,86000,93000,103,Eka Tira Haryanti,P
411,2018,12,SHOP,"6,37",8000,36000,44000,101,Kartika Winarsih S.Ked,P
412,2018,12,FOOD,"8,69",12000,86500,98500,90,Rusman Situmorang,L
413,2018,12,CAR,"4,66",8400,0,8400,99,Joko Situmorang,L
414,2018,12,FOOD,"14,46",20000,94500,114500,78,Maryadi Natsir,L
415,2018,12,CAR,"6,99",13200,0,13200,107,Gasti Nadia Pratiwi S.Gz,P
416,2018,12,CAR,"5,9",10800,0,10800,109,Maimunah Pudjiastuti,P
417,2018,12,SHOP,"7,93",10000,97500,107500,86,Daliono Firgantoro,L
418,2018,12,CAR,"11,41",22800,0,22800,109,Maimunah Pudjiastuti,P
419,2018,12,CAR,"7,91",14400,0,14400,95,Cengkal Marpaung,L
420,2018,12,CAR,"8,34",15600,0,15600,96,Bakda Gunawan,L
421,2018,12,FOOD,"10,68",15000,90000,105000,82,Latif Marbun,L
422,2018,12,CAR,"2,78",3600,0,3600,109,Maimunah Pudjiastuti,P
423,2018,12,CAR,"6,27",10800,0,10800,97,Waluyo Setiawan,L
424,2018,12,SHOP,"5,98",7000,76500,83500,101,Kartika Winarsih S.Ked,P
425,2018,12,SHOP,"13,3",18000,96000,114000,88,Jatmiko Waluyo S.Pd,L
426,2018,12,FOOD,"6,64",8000,29000,37000,78,Maryadi Natsir,L
427,2018,12,CAR,"2,51",3600,0,3600,107,Gasti Nadia Pratiwi S.Gz,P
428,2018,12,FOOD,"6,56",8000,53500,61500,85,Jarwadi Nababan,L
429,2018,12,FOOD,"10,8",15000,50500,65500,100,Halima Kani Purnawati,P
430,2018,12,FOOD,"6,24",8000,59500,67500,83,Gaiman Hidayat S.Kom,L
431,2018,12,SHOP,"4,75",6000,92500,98500,79,Jabal Prasetya S.Psi,L
432,2018,12,SHOP,"8,84",12000,75500,87500,88,Jatmiko Waluyo S.Pd,L
433,2018,12,FOOD,"5,17",6000,53500,59500,93,Mahesa Tarihoran S.Farm,L
434,2018,12,CAR,"11,21",21600,0,21600,96,Bakda Gunawan,L
435,2018,12,SHOP,"6,6",8000,33500,41500,104,Faizah Shania Usamah S.T.,P
436,2018,12,SHOP,"12,5",17000,48000,65000,82,Latif Marbun,L
437,2018,12,SHOP,"3,71",4000,64500,68500,77,Lukman Ganep Januar M.Ak,L
438,2018,12,SHOP,"4,77",6000,78500,84500,77,Lukman Ganep Januar M.Ak,L
439,2018,12,FOOD,"4,89",6000,25000,31000,85,Jarwadi Nababan,L
440,2018,12,SHOP,"6,59",8000,97500,105500,103,Eka Tira Haryanti,P
441,2018,12,CAR,"8,25",15600,0,15600,96,Bakda Gunawan,L
442,2018,12,SHOP,"3,86",4000,44500,48500,84,Lukita Napitupulu,L
443,2018,12,FOOD,"2,48",2000,67000,69000,106,Yunita Laras Pratiwi,P
444,2018,12,SHOP,"4,33",5000,72000,77000,88,Jatmiko Waluyo S.Pd,L
445,2018,12,FOOD,"11,26",15000,55500,70500,84,Lukita Napitupulu,L
446,2018,12,CAR,"3,89",6000,0,6000,99,Joko Situmorang,L
447,2018,12,SHOP,"5,29",6000,64000,70000,91,Margana Pratama,L
448,2018,12,SHOP,"8,94",12000,92000,104000,87,Artanto Eman Wacana S.I.Kom,L
449,2018,12,FOOD,"6,02",8000,78000,86000,83,Gaiman Hidayat S.Kom,L
450,2018,12,SHOP,"8,35",11000,94000,105000,78,Maryadi Natsir,L
451,2018,12,FOOD,"3,8",4000,64500,68500,90,Rusman Situmorang,L
452,2018,12,CAR,"13,81",27600,0,27600,99,Joko Situmorang,L
453,2018,12,SHOP,"7,2",9000,72000,81000,86,Daliono Firgantoro,L
454,2018,12,CAR,"6,44",12000,0,12000,95,Cengkal Marpaung,L
455,2018,12,FOOD,"5,91",7000,74500,81500,87,Artanto Eman Wacana S.I.Kom,L
456,2018,12,FOOD,"7,24",9000,65000,74000,106,Yunita Laras Pratiwi,P
457,2018,12,SHOP,"3,41",4000,46500,50500,83,Gaiman Hidayat S.Kom,L
458,2018,12,SHOP,"9,61",13000,46000,59000,75,Atma Dasa Uwais,L
459,2018,12,SHOP,"4,2",5000,58000,63000,104,Faizah Shania Usamah S.T.,P
460,2018,12,FOOD,"7,62",10000,27000,37000,93,Mahesa Tarihoran S.Farm,L
461,2018,12,CAR,"8,17",15600,0,15600,109,Maimunah Pudjiastuti,P
462,2018,12,SHOP,"5,63",7000,54500,61500,87,Artanto Eman Wacana S.I.Kom,L
463,2018,12,BIKE,"15,93",8000,0,8000,103,Eka Tira Haryanti,P
464,2018,12,CAR,"8,73",16800,0,16800,97,Waluyo Setiawan,L
465,2018,12,SHOP,"5,82",7000,43500,50500,89,Dirja Mansur,L
466,2018,12,CAR,"13,83",27600,0,27600,97,Waluyo Setiawan,L
467,2018,12,SHOP,"5,06",6000,50500,56500,78,Maryadi Natsir,L
468,2018,12,CAR,"7,87",14400,0,14400,107,Gasti Nadia Pratiwi S.Gz,P
469,2018,12,SHOP,"12,34",17000,36500,53500,85,Jarwadi Nababan,L
470,2018,12,BIKE,"4,89",2000,0,2000,101,Kartika Winarsih S.Ked,P
471,2018,12,SHOP,"5,44",7000,64000,71000,88,Jatmiko Waluyo S.Pd,L
472,2018,12,FOOD,"7,26",9000,35500,44500,106,Yunita Laras Pratiwi,P
473,2018,12,CAR,"9,2",18000,0,18000,98,Imam Abyasa Maheswara,L
474,2018,12,SHOP,"3,93",4000,88500,92500,78,Maryadi Natsir,L
475,2018,12,SHOP,"7,7",10000,94500,104500,81,Manah Sirait,L
476,2018,12,FOOD,"5,13",6000,63500,69500,100,Halima Kani Purnawati,P
477,2018,12,FOOD,"5,35",7000,98500,105500,75,Atma Dasa Uwais,L
478,2018,12,SHOP,"3,57",4000,61000,65000,89,Dirja Mansur,L
479,2018,12,CAR,"7,4",14400,0,14400,109,Maimunah Pudjiastuti,P
480,2018,12,SHOP,"9,52",13000,43500,56500,88,Jatmiko Waluyo S.Pd,L
481,2018,12,SHOP,"6,06",8000,88500,96500,78,Maryadi Natsir,L
482,2018,12,CAR,"8,23",15600,0,15600,107,Gasti Nadia Pratiwi S.Gz,P
483,2018,12,FOOD,"7,3",9000,82500,91500,84,Lukita Napitupulu,L
484,2018,12,CAR,"12,76",25200,0,25200,109,Maimunah Pudjiastuti,P
485,2018,12,SHOP,"9,76",13000,60000,73000,93,Mahesa Tarihoran S.Farm,L
486,2018,12,FOOD,"8,83",12000,52000,64000,87,Artanto Eman Wacana S.I.Kom,L
487,2018,12,CAR,"6,77",12000,0,12000,98,Imam Abyasa Maheswara,L
488,2018,12,SHOP,"9,5",13000,77000,90000,88,Jatmiko Waluyo S.Pd,L
489,2018,12,CAR,"5,32",9600,0,9600,108,Ana Maimunah Pertiwi S.H.,P
490,2018,12,CAR,"4,12",7200,0,7200,95,Cengkal Marpaung,L
491,2018,12,SHOP,"9,08",12000,38000,50000,106,Yunita Laras Pratiwi,P
492,2018,12,CAR,"6,15",10800,0,10800,97,Waluyo Setiawan,L
493,2018,12,BIKE,"7,41",3500,0,3500,81,Manah Sirait,L
494,2018,12,FOOD,"8,18",11000,73500,84500,103,Eka Tira Haryanti,P
495,2018,12,CAR,"4,5",7200,0,7200,108,Ana Maimunah Pertiwi S.H.,P
496,2018,12,FOOD,"5,24",6000,51000,57000,75,Atma Dasa Uwais,L
497,2018,12,CAR,"7,33",13200,0,13200,98,Imam Abyasa Maheswara,L
498,2018,12,SHOP,"6,66",8000,76000,84000,104,Faizah Shania Usamah S.T.,P
499,2018,12,FOOD,"4,12",5000,96000,101000,82,Latif Marbun,L
500,2018,12,SHOP,"6,52",8000,34500,42500,77,Lukman Ganep Januar M.Ak,L
501,2018,12,FOOD,"9,16",12000,51000,63000,84,Lukita Napitupulu,L
502,2018,12,SHOP,"9,6",13000,62000,75000,88,Jatmiko Waluyo S.Pd,L
503,2018,12,FOOD,"4,74",6000,83000,89000,103,Eka Tira Haryanti,P
504,2018,12,CAR,"12,08",24000,0,24000,96,Bakda Gunawan,L
505,2018,12,CAR,"8,29",15600,0,15600,99,Joko Situmorang,L
506,2018,12,CAR,"7,8",14400,0,14400,108,Ana Maimunah Pertiwi S.H.,P
507,2018,12,FOOD,"6,5",8000,96500,104500,88,Jatmiko Waluyo S.Pd,L
508,2018,12,BIKE,"4,78",2000,0,2000,82,Latif Marbun,L
509,2018,12,FOOD,"5,71",7000,85500,92500,77,Lukman Ganep Januar M.Ak,L
510,2018,12,CAR,"4,9",8400,0,8400,97,Waluyo Setiawan,L
511,2018,12,SHOP,"3,19",3000,51500,54500,93,Mahesa Tarihoran S.Farm,L
512,2018,12,FOOD,"10,58",14000,93500,107500,85,Jarwadi Nababan,L
513,2018,12,SHOP,"10,55",14000,71000,85000,83,Gaiman Hidayat S.Kom,L
514,2018,12,SHOP,"3,58",4000,29000,33000,94,Harjo Karya Suwarno,L
515,2018,12,CAR,"6,55",12000,0,12000,96,Bakda Gunawan,L
516,2018,12,SHOP,"8,76",12000,42500,54500,102,Intan Nasyiah,P
517,2018,12,BIKE,"15,16",8000,0,8000,93,Mahesa Tarihoran S.Farm,L
518,2018,12,CAR,"5,67",9600,0,9600,107,Gasti Nadia Pratiwi S.Gz,P
519,2018,12,BIKE,"2,78",1000,0,1000,94,Harjo Karya Suwarno,L
520,2018,12,FOOD,"10,14",14000,62000,76000,84,Lukita Napitupulu,L
521,2018,12,CAR,"9,13",18000,0,18000,97,Waluyo Setiawan,L
522,2018,12,SHOP,"7,79",10000,87000,97000,84,Lukita Napitupulu,L
523,2018,12,CAR,"8,73",16800,0,16800,109,Maimunah Pudjiastuti,P
524,2018,12,CAR,"5,36",9600,0,9600,95,Cengkal Marpaung,L
525,2018,12,CAR,"6,96",13200,0,13200,109,Maimunah Pudjiastuti,P
526,2018,12,SHOP,"3,94",4000,48500,52500,100,Halima Kani Purnawati,P
527,2018,12,FOOD,"6,69",9000,34500,43500,84,Lukita Napitupulu,L
528,2018,12,FOOD,"9,43",13000,95500,108500,75,Atma Dasa Uwais,L
529,2018,12,SHOP,"5,54",7000,68000,75000,103,Eka Tira Haryanti,P
530,2018,12,FOOD,"7,39",10000,28500,38500,103,Eka Tira Haryanti,P
531,2018,12,FOOD,"2,63",2000,64500,66500,93,Mahesa Tarihoran S.Farm,L
532,2018,12,SHOP,"3,72",4000,31000,35000,91,Margana Pratama,L
533,2018,12,BIKE,"3,52",1500,0,1500,106,Yunita Laras Pratiwi,P
534,2018,12,FOOD,"9,04",12000,94500,106500,105,Restu Yuniar S.Pt,P
535,2018,12,SHOP,"11,64",16000,33500,49500,85,Jarwadi Nababan,L
536,2018,12,SHOP,"4,11",5000,86500,91500,78,Maryadi Natsir,L
537,2018,12,CAR,"6,15",10800,0,10800,95,Cengkal Marpaung,L
538,2018,12,FOOD,"2,85",3000,61000,64000,86,Daliono Firgantoro,L
539,2018,12,FOOD,"9,41",13000,75000,88000,91,Margana Pratama,L
540,2018,12,SHOP,"4,64",5000,86000,91000,105,Restu Yuniar S.Pt,P
541,2018,12,FOOD,"8,38",11000,69000,80000,75,Atma Dasa Uwais,L
542,2018,12,SHOP,"5,08",6000,47000,53000,80,Mursita Prasetya,L
543,2018,12,SHOP,"4,17",5000,56000,61000,79,Jabal Prasetya S.Psi,L
544,2019,1,FOOD,"755,97",1000,80500,81500,106,Yunita Laras Pratiwi,P
545,2018,12,CAR,"4,38",7200,0,7200,107,Gasti Nadia Pratiwi S.Gz,P
546,2018,12,CAR,"4,64",8400,0,8400,107,Gasti Nadia Pratiwi S.Gz,P
547,2018,12,FOOD,"6,4",8000,52500,60500,77,Lukman Ganep Januar M.Ak,L
548,2018,12,FOOD,"8,36",11000,60000,71000,90,Rusman Situmorang,L
549,2018,12,FOOD,"10,68",15000,36000,51000,78,Maryadi Natsir,L
550,2018,12,CAR,"4,82",8400,0,8400,107,Gasti Nadia Pratiwi S.Gz,P
551,2018,12,BIKE,"8,13",4000,0,4000,90,Rusman Situmorang,L
552,2018,12,CAR,"15,7",31200,0,31200,109,Maimunah Pudjiastuti,P
553,2018,12,BIKE,"5,79",2500,0,2500,104,Faizah Shania Usamah S.T.,P
554,2018,12,CAR,"5,47",9600,0,9600,99,Joko Situmorang,L
555,2018,12,BIKE,"2,35",500,0,500,88,Jatmiko Waluyo S.Pd,L
556,2018,12,FOOD,"7,29",9000,77500,86500,104,Faizah Shania Usamah S.T.,P
557,2018,12,CAR,"8,78",16800,0,16800,95,Cengkal Marpaung,L
558,2018,12,SHOP,"3,31",3000,61500,64500,105,Restu Yuniar S.Pt,P
559,2018,12,BIKE,"3,84",1500,0,1500,105,Restu Yuniar S.Pt,P
560,2018,12,BIKE,"5,72",2500,0,2500,83,Gaiman Hidayat S.Kom,L
561,2018,12,BIKE,"6,49",3000,0,3000,88,Jatmiko Waluyo S.Pd,L
562,2018,12,SHOP,"9,27",12000,96000,108000,93,Mahesa Tarihoran S.Farm,L
563,2018,12,CAR,"10,65",20400,0,20400,98,Imam Abyasa Maheswara,L
564,2018,12,FOOD,"5,08",6000,77500,83500,105,Restu Yuniar S.Pt,P
565,2018,12,CAR,"8,03",15600,0,15600,108,Ana Maimunah Pertiwi S.H.,P
566,2018,12,BIKE,"13,66",7000,0,7000,101,Kartika Winarsih S.Ked,P
567,2018,12,FOOD,"5,87",7000,81000,88000,92,Danu Januar,L
568,2018,12,BIKE,"5,62",2500,0,2500,82,Latif Marbun,L
569,2018,12,SHOP,"9,98",13000,89500,102500,106,Yunita Laras Pratiwi,P
570,2018,12,CAR,"6,96",13200,0,13200,96,Bakda Gunawan,L
571,2018,12,FOOD,"762,13",1000,88000,89000,102,Intan Nasyiah,P
572,2018,12,FOOD,"7,13",9000,29500,38500,94,Harjo Karya Suwarno,L
573,2018,12,CAR,"7,04",13200,0,13200,109,Maimunah Pudjiastuti,P
574,2018,12,CAR,"7,21",13200,0,13200,107,Gasti Nadia Pratiwi S.Gz,P
575,2018,12,CAR,"2,68",3600,0,3600,109,Maimunah Pudjiastuti,P
576,2018,12,BIKE,"8,58",4000,0,4000,78,Maryadi Natsir,L
577,2018,12,FOOD,"7,31",9000,91000,100000,88,Jatmiko Waluyo S.Pd,L
578,2018,12,SHOP,"7,04",9000,65000,74000,102,Intan Nasyiah,P
579,2018,12,BIKE,"2,09",500,0,500,90,Rusman Situmorang,L
580,2018,12,BIKE,"13,22",6500,0,6500,81,Manah Sirait,L
581,2018,12,BIKE,"6,83",3000,0,3000,88,Jatmiko Waluyo S.Pd,L
582,2018,12,SHOP,"10,03",14000,100000,114000,88,Jatmiko Waluyo S.Pd,L
583,2018,12,CAR,"9,15",18000,0,18000,95,Cengkal Marpaung,L
584,2018,12,BIKE,"9,87",5000,0,5000,105,Restu Yuniar S.Pt,P
585,2018,12,CAR,"14,75",30000,0,30000,107,Gasti Nadia Pratiwi S.Gz,P
586,2018,12,CAR,"6,65",12000,0,12000,108,Ana Maimunah Pertiwi S.H.,P
587,2018,12,SHOP,"5,72",7000,50000,57000,94,Harjo Karya Suwarno,L
588,2018,12,BIKE,"6,6",3000,0,3000,84,Lukita Napitupulu,L
589,2018,12,CAR,"4,78",8400,0,8400,98,Imam Abyasa Maheswara,L
590,2018,12,BIKE,"6,01",3000,0,3000,81,Manah Sirait,L
591,2018,12,CAR,"6,12",10800,0,10800,98,Imam Abyasa Maheswara,L
592,2018,12,CAR,"14,87",30000,0,30000,98,Imam Abyasa Maheswara,L
593,2018,12,BIKE,"3,46",1500,0,1500,100,Halima Kani Purnawati,P
594,2018,12,SHOP,"6,98",9000,41000,50000,83,Gaiman Hidayat S.Kom,L
595,2018,12,SHOP,"11,34",16000,25500,41500,103,Eka Tira Haryanti,P
596,2018,12,FOOD,"9,09",12000,46000,58000,85,Jarwadi Nababan,L
597,2018,12,BIKE,"14,87",7500,0,7500,79,Jabal Prasetya S.Psi,L
598,2018,12,CAR,"6,81",12000,0,12000,99,Joko Situmorang,L
599,2018,12,BIKE,"9,43",4500,0,4500,77,Lukman Ganep Januar M.Ak,L
600,2018,12,BIKE,"9,75",5000,0,5000,88,Jatmiko Waluyo S.Pd,L
601,2018,12,FOOD,"7,56",10000,66500,76500,92,Danu Januar,L
602,2018,12,BIKE,"5,1",2500,0,2500,104,Faizah Shania Usamah S.T.,P
603,2018,12,BIKE,"7,18",3500,0,3500,88,Jatmiko Waluyo S.Pd,L
604,2018,12,BIKE,"9,13",4500,0,4500,94,Harjo Karya Suwarno,L
605,2018,12,BIKE,"6,87",3000,0,3000,81,Manah Sirait,L
606,2018,12,FOOD,"8,63",11000,60000,71000,106,Yunita Laras Pratiwi,P
607,2018,12,CAR,"13,74",27600,0,27600,108,Ana Maimunah Pertiwi S.H.,P
608,2018,12,BIKE,"4,38",2000,0,2000,81,Manah Sirait,L
609,2018,12,FOOD,"753,05",1000,44500,45500,86,Daliono Firgantoro,L
610,2018,12,FOOD,"3,95",4000,64000,68000,92,Danu Januar,L
611,2018,12,BIKE,"8,5",4000,0,4000,80,Mursita Prasetya,L
612,2018,12,FOOD,"5,92",7000,31000,38000,86,Daliono Firgantoro,L
613,2018,12,FOOD,"7,32",9000,40500,49500,103,Eka Tira Haryanti,P
614,2018,12,CAR,"9,4",18000,0,18000,95,Cengkal Marpaung,L
615,2018,12,CAR,"8,73",16800,0,16800,96,Bakda Gunawan,L
616,2018,12,SHOP,"5,58",7000,37500,44500,86,Daliono Firgantoro,L
617,2018,12,BIKE,"11,64",6000,0,6000,85,Jarwadi Nababan,L
618,2018,12,FOOD,"5,35",7000,45500,52500,91,Margana Pratama,L
619,2018,12,BIKE,"11,19",5500,0,5500,85,Jarwadi Nababan,L
620,2018,12,BIKE,"6,55",3000,0,3000,88,Jatmiko Waluyo S.Pd,L
621,2018,12,CAR,"5,38",9600,0,9600,97,Waluyo Setiawan,L
622,2018,12,CAR,"12,12",24000,0,24000,97,Waluyo Setiawan,L
623,2018,12,BIKE,"7,17",3500,0,3500,81,Manah Sirait,L
624,2018,12,FOOD,"6,07",8000,81000,89000,78,Maryadi Natsir,L
625,2018,12,BIKE,"5,54",2500,0,2500,103,Eka Tira Haryanti,P
626,2018,12,SHOP,"3,02",3000,96500,99500,86,Daliono Firgantoro,L
627,2018,12,CAR,"12,84",25200,0,25200,95,Cengkal Marpaung,L
628,2018,12,CAR,"12,37",24000,0,24000,108,Ana Maimunah Pertiwi S.H.,P
629,2018,12,SHOP,"3,58",4000,75500,79500,89,Dirja Mansur,L
630,2018,12,SHOP,"6,89",9000,72000,81000,94,Harjo Karya Suwarno,L
631,2018,12,CAR,"8,88",16800,0,16800,99,Joko Situmorang,L
632,2018,12,SHOP,"5,59",7000,54000,61000,90,Rusman Situmorang,L
633,2018,12,BIKE,"8,45",4000,0,4000,86,Daliono Firgantoro,L
634,2018,12,SHOP,"2,95",3000,72000,75000,92,Danu Januar,L
635,2018,12,BIKE,"7,75",3500,0,3500,83,Gaiman Hidayat S.Kom,L
636,2018,12,CAR,"10,87",21600,0,21600,98,Imam Abyasa Maheswara,L
637,2018,12,BIKE,"5,14",2500,0,2500,101,Kartika Winarsih S.Ked,P
638,2018,12,CAR,"3,84",6000,0,6000,107,Gasti Nadia Pratiwi S.Gz,P
639,2018,12,CAR,"6,69",12000,0,12000,108,Ana Maimunah Pertiwi S.H.,P
640,2018,12,BIKE,"9,96",5000,0,5000,94,Harjo Karya Suwarno,L
641,2018,12,FOOD,"7,12",9000,55000,64000,94,Harjo Karya Suwarno,L
642,2018,12,CAR,"5,82",10800,0,10800,98,Imam Abyasa Maheswara,L
643,2018,12,BIKE,"8,62",4000,0,4000,85,Jarwadi Nababan,L
644,2018,12,BIKE,"4,71",2000,0,2000,75,Atma Dasa Uwais,L
645,2018,11,FOOD,"4,85",6000,73000,79000,105,Restu Yuniar S.Pt,P
646,2018,11,FOOD,"5,12",6000,89000,95000,92,Danu Januar,L
647,2018,11,BIKE,"11,59",6000,0,6000,75,Atma Dasa Uwais,L
648,2018,11,SHOP,"5,32",6000,56500,62500,102,Intan Nasyiah,P
649,2018,11,FOOD,"5,62",7000,59000,66000,77,Lukman Ganep Januar M.Ak,L
650,2018,11,BIKE,"3,24",1000,0,1000,88,Jatmiko Waluyo S.Pd,L
651,2018,11,BIKE,"8,43",4000,0,4000,104,Faizah Shania Usamah S.T.,P
652,2018,11,BIKE,"8,13",4000,0,4000,103,Eka Tira Haryanti,P
653,2018,11,FOOD,"4,81",6000,94500,100500,82,Latif Marbun,L
654,2018,11,BIKE,"8,51",4000,0,4000,81,Manah Sirait,L
655,2018,11,SHOP,"7,39",10000,37000,47000,89,Dirja Mansur,L
656,2018,11,BIKE,"6,1",3000,0,3000,104,Faizah Shania Usamah S.T.,P
657,2018,11,SHOP,"6,72",9000,77000,86000,93,Mahesa Tarihoran S.Farm,L
658,2018,11,BIKE,"8,19",4000,0,4000,88,Jatmiko Waluyo S.Pd,L
659,2018,11,BIKE,"6,93",3500,0,3500,82,Latif Marbun,L
660,2018,11,BIKE,"5,22",2500,0,2500,91,Margana Pratama,L
661,2018,11,CAR,"6,21",10800,0,10800,109,Maimunah Pudjiastuti,P
662,2018,11,BIKE,"11,68",6000,0,6000,89,Dirja Mansur,L
663,2018,11,BIKE,"5,73",2500,0,2500,92,Danu Januar,L
664,2018,11,CAR,"11,2",21600,0,21600,109,Maimunah Pudjiastuti,P
665,2018,11,BIKE,"8,94",4500,0,4500,106,Yunita Laras Pratiwi,P
666,2018,11,CAR,"8,26",15600,0,15600,98,Imam Abyasa Maheswara,L
667,2018,11,CAR,"7,69",14400,0,14400,99,Joko Situmorang,L
668,2018,11,BIKE,"5,69",2500,0,2500,76,Paiman Wacana S.Kom,L
669,2018,11,BIKE,"10,05",5000,0,5000,94,Harjo Karya Suwarno,L
670,2018,11,SHOP,"3,15",3000,95500,98500,85,Jarwadi Nababan,L
671,2018,11,CAR,"10,19",20400,0,20400,96,Bakda Gunawan,L
672,2018,11,CAR,"10,71",20400,0,20400,96,Bakda Gunawan,L
673,2018,11,SHOP,"7,67",10000,42500,52500,102,Intan Nasyiah,P
674,2018,11,BIKE,"9,76",5000,0,5000,82,Latif Marbun,L
675,2018,11,FOOD,"5,45",7000,64500,71500,101,Kartika Winarsih S.Ked,P
676,2018,11,BIKE,"13,42",7000,0,7000,77,Lukman Ganep Januar M.Ak,L
677,2018,11,BIKE,"2,98",1000,0,1000,106,Yunita Laras Pratiwi,P
678,2018,11,CAR,"4,04",6000,0,6000,107,Gasti Nadia Pratiwi S.Gz,P
679,2018,11,FOOD,"6,03",8000,59500,67500,87,Artanto Eman Wacana S.I.Kom,L
680,2018,11,BIKE,"10,25",5000,0,5000,106,Yunita Laras Pratiwi,P
681,2018,11,FOOD,"13,46",19000,85500,104500,81,Manah Sirait,L
682,2018,11,BIKE,"5,93",2500,0,2500,79,Jabal Prasetya S.Psi,L
683,2018,11,CAR,"6,51",12000,0,12000,97,Waluyo Setiawan,L
684,2018,11,BIKE,"9,01",4500,0,4500,83,Gaiman Hidayat S.Kom,L
685,2018,11,BIKE,"5,34",2500,0,2500,92,Danu Januar,L
686,2018,11,CAR,"8,32",15600,0,15600,107,Gasti Nadia Pratiwi S.Gz,P
687,2018,11,BIKE,"14,6",7500,0,7500,105,Restu Yuniar S.Pt,P
688,2018,11,FOOD,"7,23",9000,28500,37500,80,Mursita Prasetya,L
689,2018,11,BIKE,"5,13",2500,0,2500,77,Lukman Ganep Januar M.Ak,L
690,2018,11,BIKE,"4,61",2000,0,2000,78,Maryadi Natsir,L
691,2018,11,BIKE,"6,21",3000,0,3000,91,Margana Pratama,L
692,2018,11,FOOD,"6,12",8000,72500,80500,77,Lukman Ganep Januar M.Ak,L
693,2018,11,CAR,"8,07",15600,0,15600,96,Bakda Gunawan,L
694,2018,11,CAR,"9,02",16800,0,16800,97,Waluyo Setiawan,L
695,2018,11,SHOP,"6,29",8000,59500,67500,91,Margana Pratama,L
696,2018,11,BIKE,"13,09",6500,0,6500,81,Manah Sirait,L
697,2018,11,FOOD,"5,6",7000,42500,49500,100,Halima Kani Purnawati,P
698,2018,11,BIKE,"10,67",5500,0,5500,80,Mursita Prasetya,L
699,2018,11,FOOD,"3,62",4000,90000,94000,90,Rusman Situmorang,L
700,2018,11,FOOD,"6,31",8000,78500,86500,103,Eka Tira Haryanti,P
701,2018,11,BIKE,"10,21",5000,0,5000,106,Yunita Laras Pratiwi,P
702,2018,11,FOOD,"5,03",6000,31500,37500,81,Manah Sirait,L
703,2018,11,CAR,"3,67",6000,0,6000,99,Joko Situmorang,L
704,2018,11,FOOD,"3,69",4000,60500,64500,93,Mahesa Tarihoran S.Farm,L
705,2018,11,SHOP,"5,6",7000,42500,49500,82,Latif Marbun,L
706,2018,11,SHOP,"3,37",4000,27000,31000,94,Harjo Karya Suwarno,L
707,2018,11,BIKE,"9,61",4500,0,4500,76,Paiman Wacana S.Kom,L
708,2018,11,CAR,"7,73",14400,0,14400,96,Bakda Gunawan,L
709,2018,11,FOOD,"10,24",14000,39000,53000,79,Jabal Prasetya S.Psi,L
710,2018,11,BIKE,"6,21",3000,0,3000,89,Dirja Mansur,L
711,2018,11,BIKE,"9,28",4500,0,4500,75,Atma Dasa Uwais,L
712,2018,11,CAR,"3,09",4800,0,4800,107,Gasti Nadia Pratiwi S.Gz,P
713,2018,11,CAR,"13,89",27600,0,27600,98,Imam Abyasa Maheswara,L
714,2018,11,BIKE,"3,33",1500,0,1500,89,Dirja Mansur,L
715,2018,11,BIKE,"6,32",3000,0,3000,78,Maryadi Natsir,L
716,2018,11,FOOD,"8,98",12000,71000,83000,78,Maryadi Natsir,L
717,2018,11,FOOD,"6,94",9000,57500,66500,82,Latif Marbun,L
718,2018,11,FOOD,"6,21",8000,99500,107500,105,Restu Yuniar S.Pt,P
719,2018,11,BIKE,"12,25",6000,0,6000,88,Jatmiko Waluyo S.Pd,L
720,2018,11,FOOD,"6,53",8000,68000,76000,85,Jarwadi Nababan,L
721,2018,11,SHOP,"8,7",12000,56500,68500,82,Latif Marbun,L
722,2018,11,BIKE,"8,88",4500,0,4500,90,Rusman Situmorang,L
723,2018,11,BIKE,"10,9",5500,0,5500,79,Jabal Prasetya S.Psi,L
724,2018,11,FOOD,"10,47",14000,38500,52500,103,Eka Tira Haryanti,P
725,2018,11,BIKE,"6,55",3000,0,3000,88,Jatmiko Waluyo S.Pd,L
726,2018,11,BIKE,"10,15",5000,0,5000,100,Halima Kani Purnawati,P
727,2018,11,BIKE,"5,66",2500,0,2500,103,Eka Tira Haryanti,P
728,2018,11,BIKE,"7,94",4000,0,4000,103,Eka Tira Haryanti,P
729,2018,11,BIKE,"10,35",5000,0,5000,102,Intan Nasyiah,P
730,2018,11,BIKE,"10,96",5500,0,5500,83,Gaiman Hidayat S.Kom,L
731,2018,11,BIKE,"6,27",3000,0,3000,92,Danu Januar,L
732,2018,11,SHOP,"5,95",7000,89000,96000,82,Latif Marbun,L
733,2018,11,BIKE,"14,35",7500,0,7500,82,Latif Marbun,L
734,2018,11,BIKE,"9,78",5000,0,5000,104,Faizah Shania Usamah S.T.,P
735,2018,11,CAR,"6,45",12000,0,12000,95,Cengkal Marpaung,L
736,2018,11,BIKE,"3,51",1500,0,1500,101,Kartika Winarsih S.Ked,P
737,2018,11,SHOP,"3,61",4000,46500,50500,83,Gaiman Hidayat S.Kom,L
738,2018,11,BIKE,"7,43",3500,0,3500,87,Artanto Eman Wacana S.I.Kom,L
739,2018,11,BIKE,"8,28",4000,0,4000,100,Halima Kani Purnawati,P
740,2018,11,BIKE,"8,53",4000,0,4000,81,Manah Sirait,L
741,2018,11,BIKE,"2,33",500,0,500,88,Jatmiko Waluyo S.Pd,L
742,2018,11,FOOD,"3,37",4000,33500,37500,81,Manah Sirait,L
743,2018,11,SHOP,"5,51",7000,40500,47500,94,Harjo Karya Suwarno,L
744,2018,11,BIKE,"3,18",1000,0,1000,90,Rusman Situmorang,L
745,2018,11,BIKE,12,6000,0,6000,104,Faizah Shania Usamah S.T.,P
746,2018,11,FOOD,"3,87",4000,59500,63500,89,Dirja Mansur,L
747,2018,11,BIKE,"4,79",2000,0,2000,78,Maryadi Natsir,L
748,2018,11,CAR,"11,56",22800,0,22800,96,Bakda Gunawan,L
749,2018,11,BIKE,"12,49",6500,0,6500,104,Faizah Shania Usamah S.T.,P
750,2018,11,CAR,"8,39",15600,0,15600,107,Gasti Nadia Pratiwi S.Gz,P
